rating,hotel_rating,title,review_text,link,location,hotel_title,date
2,"4,5","Apesar de parecer bonito nas fotos, elas não informam sobre problemas","Primeiramente, quebraram minha mala e não ofereceram nenhum tipo de reparo! Minha mala ficou solta no caminho de tuk tuk do aeroporto para o hotel, o motorista fez uma curva brusca, a mala voou e teve sua parte de cima quebrada. Eu viajei por mais 15 dias com uma mala que ofereceu risco de acesso aos meus pertences.A equipe do hotel não é nada prestativa.O café da manhã não é à vontade, você tem que escolher itens de um cardápio e o atendimento demora muito, tem que chegar bem antes por causa disso.Dá pra ir para o centro à pé, mas é longe.O hotel é bem velho e tem um cheiro forte.A porta do meu quarto não abria facilmente, tinha que dar pancadas, por duas vezes não consegui abrir e tive que esperar os funcionários para abrir (na última vez nem aquele conseguiu abrir e tive que esperar pelo menos 10 minutos por outra pessoa).O ponto positivo é que o terraço com a piscina é realmente bonito, mas todos os outros problemas não compensam.",https://www.tripadvisor.com.br/ShowUserReviews-g297390-d2089921-r397979080-Okay_1_Villa-Siem_Reap_Siem_Reap_Province.html,Siem Reap,Okay 1 Villa,27 de julho de 2016
4,5,Muito bom,"Hotel grande, com boa estrutura e a uma distância caminhável da pub street. Quarto amplo. Não é um hotel novo, mas é muito bom. Café da manhã é bom com muitas opções. Nos deram transfer gratuito para o aeroporto. O atendimento foi bom.",https://www.tripadvisor.com.br/ShowUserReviews-g297390-d634580-r554371294-Hotel_Somadevi_Angkor_Resort_Spa-Siem_Reap_Siem_Reap_Province.html,Siem Reap,Hotel Somadevi Angkor Resort & Spa,17 de janeiro de 2018
5,"4,5",Melhor Hotel da nossa viagem pela Asia,"Este Resort tem o melhor serviço que experienciamos: fomos recebidos por um motorista e pela recepcionista Chetta que  durante toda a estadia esteve sempre disponível e preocupada com o nosso bem estar, excelente profissional! O quarto e optimo a cama e de sonho e o pequeno almoço e soberbo . Definitivamente uma experiência a repetir e aconselhamos vivamente a estadia neste hotel para quem visitar Siem Reap. A localização é óptima para explorar a cidade . ",https://www.tripadvisor.com.br/ShowUserReviews-g297390-d2350683-r521256123-The_Privilege_Floor_by_BOREI_ANGKOR-Siem_Reap_Siem_Reap_Province.html,Siem Reap,The Privilege Floor by BOREI ANGKOR,5 de setembro de 2017
5,"4,5",Hospedágem amável,"O que dizer dos cambojanos?, são pessoas especialmente amáveis, atenciosos, e prestativos, ótima hospedagem, recepção adorável. Por favor! respeitem a sua cultura, tire os sapatos antes de entrar no hotel. Saum arkoun anak!",https://www.tripadvisor.com.br/ShowUserReviews-g297390-d2089921-r273079455-Okay_1_Villa-Siem_Reap_Siem_Reap_Province.html,Siem Reap,Okay 1 Villa,19 de maio de 2015
3,"4,5","Okay, como o nome ja diz!","Nao gostei da localizacao do hotel. Fica bem longe do centro e tem que pegar tuk-tuk todas as vezes. Os motoristas de tuk-tuk ficam na porta do hotel e sao muito insistentes e as vezes mal educados. O hotel em si e bem razoavel, o quarto pequeno, o banheiro pequeno e sem box, o que era horrivel pois molhava tudo sempre na hora do banho. Cafe da manha okay.",https://www.tripadvisor.com.br/ShowUserReviews-g297390-d2089921-r452633259-Okay_1_Villa-Siem_Reap_Siem_Reap_Province.html,Siem Reap,Okay 1 Villa,17 de janeiro de 2017
5,"4,5",Serviço apropriado e condizente com a categoria do hotel,"O hotel apresenta acomodações simples, porém confortáveis. O ar condicionado do nosso quarto não funcionava, mas fomos prontamente alocados em outro quarto. O café da manhã era bom. O staff era muito educado e prestativo. O lobby e a área da piscina eram bonitas. Ótimo custo benefício.",https://www.tripadvisor.com.br/ShowUserReviews-g297390-d2089921-r450515875-Okay_1_Villa-Siem_Reap_Siem_Reap_Province.html,Siem Reap,Okay 1 Villa,8 de janeiro de 2017
5,4,O camboja é incrivel,"Todos no hotel são extremamente atenciosos, a localização é ótima e foi uma ótima experiência! Conseguimos um upgrade de quarto por conta da nossa lia de mel, então não deixem de avisar! Foi tido muito bom!",https://www.tripadvisor.com.br/ShowUserReviews-g297390-d612090-r444951883-Shinta_Mani_Shack-Siem_Reap_Siem_Reap_Province.html,Siem Reap,Shinta Mani Shack,18 de dezembro de 2016
5,4,Honeymoon,Hotel com estrutura e localização muito boa e atendimento excelente!!!! A comida do hotel também é ótima!!! Vale muito a pena ficar hospedado aqui! Muitos casais e família ! Este é o shinta mani Resort!!!!!!!!!,https://www.tripadvisor.com.br/ShowUserReviews-g297390-d612090-r447063463-Shinta_Mani_Shack-Siem_Reap_Siem_Reap_Province.html,Siem Reap,Shinta Mani Shack,28 de dezembro de 2016
5,4,"Maravilhoso, voltaria mil vezes","Foi uma experiência espetacular. O hotel é lindo, limpo e com uma equipe super bem preparada.A localização do hotel é ótima, longe do fervo da cidade, mas perto o suficiente para irmos a pé (cerca de 5 minutos). E sendo a cidade bem segura, não há risco de ir andando do centro ao hotel a qualquer hora do dia, ou noite.A estrutura do hotel é ótima, uma piscina maravilhosa localizada em um ""jardim"" em meio a coqueiros e vegetação. Ao longo do dia, além do serviço na piscina, foi nos servido sorvete (free).O restaurante do hotel é maravilhoso, a comida é sensacional. Por termos feito uma reserva especial, para um quarto especial, ganhamos um almoço maravilhoso, com um ""set menu"" que foi adaptado ao meu namorado, visto que ele não come várias coisas. Nosso quarto era ótimo, com uma sala, uma varanda, um acama maravilhosa e um banheiro com um chuveiro e mais uma banheira com chuveiro.O atendimento é ímpar, simplesmente maravilhoso, fomos super bem tratados e atendidos.O café da manhã é maravilhoso, com muitas opções, sucos naturais e o melhor presunto que comemos na Ásia.Pedimos café da manhã para levar aos templos, para ver o sol nascer nos templos, o café é espetacular, várias comidinhas gostosas, frutas, ovos cozidos, croissants, pães, presunto, iogurte, água, chá, café, etc. tudo servido numa linda marmitinha dentro de uma sacolinha de palha.O hotel possui spa, mas...Foi uma experiência espetacular. O hotel é lindo, limpo e com uma equipe super bem preparada.A localização do hotel é ótima, longe do fervo da cidade, mas perto o suficiente para irmos a pé (cerca de 5 minutos). E sendo a cidade bem segura, não há risco de ir andando do centro ao hotel a qualquer hora do dia, ou noite.A estrutura do hotel é ótima, uma piscina maravilhosa localizada em um ""jardim"" em meio a coqueiros e vegetação. Ao longo do dia, além do serviço na piscina, foi nos servido sorvete (free).O restaurante do hotel é maravilhoso, a comida é sensacional. Por termos feito uma reserva especial, para um quarto especial, ganhamos um almoço maravilhoso, com um ""set menu"" que foi adaptado ao meu namorado, visto que ele não come várias coisas. Nosso quarto era ótimo, com uma sala, uma varanda, um acama maravilhosa e um banheiro com um chuveiro e mais uma banheira com chuveiro.O atendimento é ímpar, simplesmente maravilhoso, fomos super bem tratados e atendidos.O café da manhã é maravilhoso, com muitas opções, sucos naturais e o melhor presunto que comemos na Ásia.Pedimos café da manhã para levar aos templos, para ver o sol nascer nos templos, o café é espetacular, várias comidinhas gostosas, frutas, ovos cozidos, croissants, pães, presunto, iogurte, água, chá, café, etc. tudo servido numa linda marmitinha dentro de uma sacolinha de palha.O hotel possui spa, mas não utilizamos.Utilizamos a lavanderia do hotel que é bem cara comparada com as lavanderias da rua (USD 2 por 1kg de roupa), mas o serviço foi muito bem feito e rápido, não nos arrependemos.também utilizamos os transfers do hotel, são bem mais carinhos que aqueles disponibilizados na cidade, mas preferimos pela praticidade e segurança, também não nos arrependemos, super bom, carro maravilho!Com certeza o ponto alto é a equipe!",https://www.tripadvisor.com.br/ShowUserReviews-g297390-d612090-r482475657-Shinta_Mani_Shack-Siem_Reap_Siem_Reap_Province.html,Siem Reap,Shinta Mani Shack,7 de maio de 2017
5,4,PERFEITO,"Eu estive na minha lua de mel e não teria lugar melhor para passar meus dias. O lugar é simplesmente PERFEITO. Tudo MARAVILHOSO! O staff é um diferencial. Fomos recebidos pelo Rak, que foi muito gentil do início ao fim d estadia. Acabei passando muito mal na minha primeira noite e além de prepararem chás, fizeram muitos mimos como um buquê e um cartão desejando minha melhora. Fui embora emocionada com o melhor tratamento que tive na vida! Recomendo! Ah, visitei a outra filial, o Shinta Mani Club e garanto: o resort é Muito melhor!! ",https://www.tripadvisor.com.br/ShowUserReviews-g297390-d612090-r499282145-Shinta_Mani_Shack-Siem_Reap_Siem_Reap_Province.html,Siem Reap,Shinta Mani Shack,7 de julho de 2017
3,"4,5",Bom,"Nosso quarto era bem amplo, limpo e confortável, wi-fi funcionava e o banho era bom.O nosso café da manhã não era incluso, então nós escolhíamos pelo menu, mas também tinha um buffet para quem tinha incluído o café nas diárias. A parte da piscina realmente é muito bonita. Não fica tão perto do centro, íamos de tuk tuk e não tivemos problemas.",https://www.tripadvisor.com.br/ShowUserReviews-g297390-d2089921-r455035688-Okay_1_Villa-Siem_Reap_Siem_Reap_Province.html,Siem Reap,Okay 1 Villa,26 de janeiro de 2017
5,4,Hotel muito simpático e agradável ,"Estive por 3 noites no Shinta Mani. Gostei muito!! Tudo muito lindo e cuidado.A piscina é muito agradável!! A decoração e a arquitetura do hotel é muito bonita!Jantamos no restaurante do Shinta Mani Angkor, propriedade em frente, e amamos!O banheiro poderia ser um pouco maior...Fizemos o passeio ao templo organizado pelo hotel e foi excelente.O hotel tem uma fundação, com trabalho humanitário numa comunidade próxima e fomos conhecer. Muito interessante!!O staff é extremamente atencioso e sorridente!!",https://www.tripadvisor.com.br/ShowUserReviews-g297390-d612090-r552230299-Shinta_Mani_Shack-Siem_Reap_Siem_Reap_Province.html,Siem Reap,Shinta Mani Shack,7 de janeiro de 2018
5,5,Magnífica estadia. Hotel fabuloso.,"Magnífica estadia, num hotel cómodo com um serviço impecável. Excelentes  comodidades e um staff de grande nível e simpatia. Se juntarmos a isto um local mágico, temos os ingredientes para uma viagem de sonho.",https://www.tripadvisor.com.br/ShowUserReviews-g297390-d299583-r572332948-Sofitel_Angkor_Phokeethra_Golf_and_Spa_Resort-Siem_Reap_Siem_Reap_Province.html,Siem Reap,Sofitel Angkor Phokeethra Golf and Spa Resort,10 de abril de 2018
5,5,Fantastic!!!,"Hotel excelente, atendimento impecável e bem localizado!Quartos amplos, limpos e de excelente padrão.Restaurante com diversas opcoes, buffet completo e cafe da manha sensacional!!!Altamentr recomendado!!!",https://www.tripadvisor.com.br/ShowUserReviews-g297390-d299583-r528316313-Sofitel_Angkor_Phokeethra_Golf_and_Spa_Resort-Siem_Reap_Siem_Reap_Province.html,Siem Reap,Sofitel Angkor Phokeethra Golf and Spa Resort,29 de setembro de 2017
5,5,Hotel Deslumbrante,"O Sofitel Angkor é maravilhoso em todos os sentidos. Ao entrar no hall do hotel a qualquer hora, você é recebido por lindos e amaveis sorrisos e gentileza. O perfume do ambiente, os arranjos de flores artisticamente elaborados por funcionarias do hotel, a musica ao vivo suave, os sofás confortáveis, fazem deste ambiente um local super acolhedor. Todo o staff é educadíssimo e atencioso, prestativos, solicitos e profissionais! O quarto e banheiro hiper confortáveis e limpos. o Spa e a  piscina super atrativos e excelentes. Recomendo muito uma estadia nesse hotel!",https://www.tripadvisor.com.br/ShowUserReviews-g297390-d299583-r542762622-Sofitel_Angkor_Phokeethra_Golf_and_Spa_Resort-Siem_Reap_Siem_Reap_Province.html,Siem Reap,Sofitel Angkor Phokeethra Golf and Spa Resort,23 de novembro de 2017
5,5,"Em janeiro fiz uma excursão pela Indochina e estivemos alguns dias no Camboja, um país maravilhoso para ver e curtir.","Ficamos no Hotel Sofitel Angkor Phokeethra Golf and Spa Resort. Hotel lindissimo, parque aquatico lindo, bares e restaurante impecáveis. O que chama a atenção no Camboja é a hospitalidade, simplicidade e amabilidade do seu povo, da sua gente, onde quer que se vá. Um encanto. O Hotel tem um staff irretocável. Tudo muito limpo e sem qq tipo de restrição. Lamentamos ter ficado poucos dias por lá, sem tempo para curtir tudo o que o hotel oferece.",https://www.tripadvisor.com.br/ShowUserReviews-g297390-d299583-r561479033-Sofitel_Angkor_Phokeethra_Golf_and_Spa_Resort-Siem_Reap_Siem_Reap_Province.html,Siem Reap,Sofitel Angkor Phokeethra Golf and Spa Resort,19 de fevereiro de 2018
5,"4,5",Fantástico,"Fomos super bem atendidos pela equipe do Privilege Floor. A localização é fantástica, o night market é perto, mas com apenas dois dólares é possível pegar um tuk tuk e chegar lá. Os quartos são super limpos e grandes, a banheira é um caso a parte, de imersão maravilhosa. O café da manhã excepcional. A equipe sempre solicita e disposta a ajudar. O wifi funciona super bem, tivemos que trabalhar a distância e foi super tranquilo. Enfim a experiência foi ótima, desde a chegada do aeroporto com a recepção do pessoal do transfer. Tudo perfeito!!! Voltaríamos com certeza. ",https://www.tripadvisor.com.br/ShowUserReviews-g297390-d2350683-r471337505-The_Privilege_Floor_by_BOREI_ANGKOR-Siem_Reap_Siem_Reap_Province.html,Siem Reap,The Privilege Floor by BOREI ANGKOR,30 de março de 2017
5,5,Fantástico!,"Em uma viagem de 20 dias pelo Sudeste Asiático, esse foi o hotel mais agradável de todo o percurso. Os funcionários do hotel quase adivinhavam nossos desejos. Fiquei interessada em um dos arbustos no jardim, que eles chamam de Peacock Flower ( no Brasil é Flamboyant de Jardim) e estava recolhendo umas sementes. Quando cheguei ao quarto à noite, havia um bilhete dizendo que observaram que eu tinha gostado das flores, acompanhado de três cestinhas com um galhinho de cada cor e as respectivas sementes. Fiquei encantada com tamanha gentileza. O restaurante é maravilhoso, as instalações perfeitas e os jardins deslumbrantes! Recomendo fortemente!",https://www.tripadvisor.com.br/ShowUserReviews-g297390-d299583-r548657226-Sofitel_Angkor_Phokeethra_Golf_and_Spa_Resort-Siem_Reap_Siem_Reap_Province.html,Siem Reap,Sofitel Angkor Phokeethra Golf and Spa Resort,22 de dezembro de 2017
5,"4,5",Excelência no Camboja,"Fomos recebidos no aeroporto por uma recepcionista extremamente simpática e que falava muito bem o inglês, pois na Tailandia tivemos dificuldades quanto a isso.Quarto amplo e com uma super banheira de imersão, que é meu sonho de consumo.Ficamos com uma vista de frente para a piscina bem legal e recomendo a massagem do hotel.O preço me surpreende pelo tudo que o hotel oferece, porque nunca conseguimos ficar em um quarto desse na europa.",https://www.tripadvisor.com.br/ShowUserReviews-g297390-d2350683-r471337981-The_Privilege_Floor_by_BOREI_ANGKOR-Siem_Reap_Siem_Reap_Province.html,Siem Reap,The Privilege Floor by BOREI ANGKOR,30 de março de 2017
5,"4,5",Excelente estadia em Siem Reap,"Hotel fantástico, com atendimento personalizado, que permite desfrutar da melhor maneira uns dias em Siem Reap.Quartos amplos, excelente pequeno almoço, piscina optima.A presença constante de uma pessoa para nos direcionar para o que pretendemos: restaurantes, espectáculos, transporte.De destacar o profissionalismo e simpatia de Mr. PI, Mr. PHY e Mr. Bona TRY.Sem duvida a melhor estadia na viagem pela Asia.",https://www.tripadvisor.com.br/ShowUserReviews-g297390-d2350683-r479415356-The_Privilege_Floor_by_BOREI_ANGKOR-Siem_Reap_Siem_Reap_Province.html,Siem Reap,The Privilege Floor by BOREI ANGKOR,27 de abril de 2017
5,4,Impecável!,"Hotel excelente! Sua estrutura e serviço são impecáveis, a piscina é maravilhosa, o café da manhã é farto, mas o melhor é a gentileza e cortesia de todos os funcionários, sem exceção. É um hotel que mais do que tratar bem, mima seus hóspedes! Todas as vezes, quando voltávamos dos passeios, sob um calor de 40o, fomos recebidos com toalhinhas úmidas com essência de jasmim e uma garrafinha de água mineral geladinha, para nos refrescar. Nosso check out foi ao meio-dia, mas nosso vôo era apenas às 21h. Então, além de guardar nossa bagagem, eles gentilmente permitiram que nós utilizássemos um outro quarto, à tarde, para descansar e tomar um banho. Providencial! Utilizamos o serviço de transfer aeroporto-hotel-aeroporto, que o hotel disponibiliza, e recomendo. Excelente custo-benefício.",https://www.tripadvisor.com.br/ShowUserReviews-g297390-d612090-r364261190-Shinta_Mani_Shack-Siem_Reap_Siem_Reap_Province.html,Siem Reap,Shinta Mani Shack,14 de abril de 2016
5,4,"Hotel maravilhoso, extremo bom gosto","Muito ótimo hotel, bonito com design charmoso.Aconchegante, lindo, boa localização, atendimento muito atencioso, pessoas delicadas, boa comida, cafe da manha otimo. Piscina linda, com massagens e sorvetes  gostosos, grátis. Um mimo simpático. Adorei. E o quarto muito bom. Recomendo super",https://www.tripadvisor.com.br/ShowUserReviews-g297390-d612090-r373728728-Shinta_Mani_Shack-Siem_Reap_Siem_Reap_Province.html,Siem Reap,Shinta Mani Shack,17 de maio de 2016
5,4,Otimo Resort,Hotel muito confortável! Café da manha bom sem exageros! Pessoal extremamente solícito e cordial! Ha mosquitos! No quarto há repelente e    não deixe de usar fora do quarto para evitar estragar sua estadia! Boa piscina! Quarto tem aparelho de som com Bluetooth!,https://www.tripadvisor.com.br/ShowUserReviews-g297390-d612090-r389578578-Shinta_Mani_Shack-Siem_Reap_Siem_Reap_Province.html,Siem Reap,Shinta Mani Shack,5 de julho de 2016
4,4,Excelente !,"Excelente hotel levando em consideração sobretudo o atendimento e a localização. A estrutura física do hotel é boa, há uma área central muito bonita com piscina e cadeiras para banho de sol, entretanto as ótimas avaliações desse hotel são relativas sobretudo à forma como você é atendido desde a recepção até o check-out e menos à estrutra física, que apesar de boa não é nada de outro mundo. Vale a pena ir, entretanto se estiver em contenção de gastos opte por outro hotel em uma localização próxima a esse.",https://www.tripadvisor.com.br/ShowUserReviews-g297390-d612090-r392723132-Shinta_Mani_Shack-Siem_Reap_Siem_Reap_Province.html,Siem Reap,Shinta Mani Shack,14 de julho de 2016
5,4,Hotel nota 10,"Hotel próximo do centro, excelente quarto, café da manhã incluído, serviço muito atencioso. Restaurante com uma comida muito boa e bom preço.O ponto alto do hotel são os seus funcionários, todos muito gentis!",https://www.tripadvisor.com.br/ShowUserReviews-g297390-d612090-r410777127-Shinta_Mani_Shack-Siem_Reap_Siem_Reap_Province.html,Siem Reap,Shinta Mani Shack,25 de agosto de 2016
5,"4,5",Delícia de estadia,"Nossa boa impressão começou ainda no aeroporto, quando fomos recepcionados pelo super atencioso Meta que, durante o caminho até o hotel, nos explicou bastante sobre a cidade além de nos dar detalhes sobre nosso hotel e nossa estadia. Super simpático e com um inglês bem acima da média. Staff também super simpático, ficou nos mimando o tempo todo, não nos deixando correr o risco de nos sentirmos sozinhos. Ótimo café da manhã com versões asiática e americana. Ambientes bonitos, limpos, cheirosos e muito agradáveis. Realmente vale a pena",https://www.tripadvisor.com.br/ShowUserReviews-g297390-d2350683-r471045361-The_Privilege_Floor_by_BOREI_ANGKOR-Siem_Reap_Siem_Reap_Province.html,Siem Reap,The Privilege Floor by BOREI ANGKOR,29 de março de 2017
5,"4,5",Surpreendente,"Um dos melhores hotéis que hospedei até hoje , tratamento top, com motorista à disposição , telefone celular, todos os funcionários muito atenciosos, com preço bem em conta pelos serviços oferecidos! O único lugar em que o gerente foi se despedir e nos deixar no carro e nos chamou pelo nome!!! EXPETÁCULO ! Foi o ponto alto de nossa viagem a Indochina .",https://www.tripadvisor.com.br/ShowUserReviews-g297390-d2350683-r400424100-The_Privilege_Floor_by_BOREI_ANGKOR-Siem_Reap_Siem_Reap_Province.html,Siem Reap,The Privilege Floor by BOREI ANGKOR,2 de agosto de 2016
5,5,Indescritivel! É absolutamente perfeito!,"O hotel é absolutamente perfeito!  Lindo, com decoração impecável e funcionários extremamente gentis. Logo na chegada bebidas frescas de boas vindas e um lindo chapéu típico local com livrinho para as crianças.Os quartos sao grandes e muito confortáveis.  A noite o biscoitinho amanteigado local que colocam ao lado da cama é um mimo delicioso!  Para as crianças, um elefante de tecido do artesanato local.Todos os funcionarios com sorrisos e todo o tempo perguntando o que precisamos e se podem ajudar em algo.  Todos tem dicas turísticas.  O gerente do hotel merece destaque.  O Sr Sorn Sam consegue estar em todos os lugares ao mesmo tempo, sempre com um sorriso e interessado no dia de cada hospede!Os funcionários do Concierge nos reservaram um motorista muito gentil e sorridente para nos levar de turismo nos 2 dias em que estivemos no hotel.  Carro confortável, com agua gelada e lenços refrescantes para aliviar o calor depois que caminhávamos pelos templos.  O motorista nos deixava em cada templo que quiséssemos parar e nos esperava o tempo que fosse.  Também nos levou ao Museu da Cidade, no museu das Minas e em um comercio local que pedimos.  O cafe da manha é completo e delicioso.  Tem absolutamente de tudo.  No cafe da manha que outro funcionário atento a uma mesa com crianças, veio nos oferecer cestinhas de picnic para levarmos conosco no carro.  Ja ofereceu dizendo que assim não precisaríamos nem parar...O hotel é absolutamente perfeito!  Lindo, com decoração impecável e funcionários extremamente gentis. Logo na chegada bebidas frescas de boas vindas e um lindo chapéu típico local com livrinho para as crianças.Os quartos sao grandes e muito confortáveis.  A noite o biscoitinho amanteigado local que colocam ao lado da cama é um mimo delicioso!  Para as crianças, um elefante de tecido do artesanato local.Todos os funcionarios com sorrisos e todo o tempo perguntando o que precisamos e se podem ajudar em algo.  Todos tem dicas turísticas.  O gerente do hotel merece destaque.  O Sr Sorn Sam consegue estar em todos os lugares ao mesmo tempo, sempre com um sorriso e interessado no dia de cada hospede!Os funcionários do Concierge nos reservaram um motorista muito gentil e sorridente para nos levar de turismo nos 2 dias em que estivemos no hotel.  Carro confortável, com agua gelada e lenços refrescantes para aliviar o calor depois que caminhávamos pelos templos.  O motorista nos deixava em cada templo que quiséssemos parar e nos esperava o tempo que fosse.  Também nos levou ao Museu da Cidade, no museu das Minas e em um comercio local que pedimos.  O cafe da manha é completo e delicioso.  Tem absolutamente de tudo.  No cafe da manha que outro funcionário atento a uma mesa com crianças, veio nos oferecer cestinhas de picnic para levarmos conosco no carro.  Ja ofereceu dizendo que assim não precisaríamos nem parar para comer (correndo o risco das crianças não gostarem de comida local).  Perfeito!  Nos apresentou um menu com 3 opções de lanches e enquanto tomávamos nosso cafe preparou as caixinhas para os 4!Piscina grande e com serviço de toalhas e de comida. Tudo ótimo!E o jantar nas 2 noites também perfeito. Opções internacionais para as crianças e a deliciosa comida local para nós.Desses hotéis que dá pena de ir embora!",https://www.tripadvisor.com.br/ShowUserReviews-g297390-d299583-r478974690-Sofitel_Angkor_Phokeethra_Golf_and_Spa_Resort-Siem_Reap_Siem_Reap_Province.html,Siem Reap,Sofitel Angkor Phokeethra Golf and Spa Resort,25 de abril de 2017
5,"4,5",Hotel maravilhoso e com serviço impecável!,"Ficamos no Priviledge Floor @ Borei, e a nossa experiência foi maravilhosa.O hotel é muito bonito, realmente bem chique, e o serviço do Priviledge Floor é realmente de primeira classe. Desde a recepção no aeroporto, o check in, o preparo especial do nosso quarto, ajuda com reservas e passeios, o carro particular... Tudo foi perfeito. E os membros da staff tomando conta de nós, Alex, Chenren, Rayou, e outros, fizeram tudo possível pra fazermos realmente nos sentir em casa.Recomendo ficar aqui para todos. Nos sentimos come Reis durante a nossa estadia aqui!",https://www.tripadvisor.com.br/ShowUserReviews-g297390-d2350683-r440134186-The_Privilege_Floor_by_BOREI_ANGKOR-Siem_Reap_Siem_Reap_Province.html,Siem Reap,The Privilege Floor by BOREI ANGKOR,26 de novembro de 2016
5,"4,5",Momento inesquecível,"Hotel excelente com todas as comodidades, piscina ótima e pessoal muito profissionais e atenciosos, sempre com um sorriso no rosto. Destaco o atendimento do sr. Hak pelo seu entusiasmo em atender bem o cliente.",https://www.tripadvisor.com.br/ShowUserReviews-g297390-d2350683-r468695452-The_Privilege_Floor_by_BOREI_ANGKOR-Siem_Reap_Siem_Reap_Province.html,Siem Reap,The Privilege Floor by BOREI ANGKOR,19 de março de 2017
5,5,COLONIAL,"Hotel fantástico que nos transporta para a época colonial, com um atendimento surreal, onde as pessoas são de uma simpatia. amabilidade e cortesia, que nos ""obriga"" a reagir da mesma forma. Os quartos são muito bons e o pequeno almoço rico e variado.",https://www.tripadvisor.com.br/ShowUserReviews-g297390-d299583-r403132512-Sofitel_Angkor_Phokeethra_Golf_and_Spa_Resort-Siem_Reap_Siem_Reap_Province.html,Siem Reap,Sofitel Angkor Phokeethra Golf and Spa Resort,9 de agosto de 2016
5,5,"Atendimento excelente, local muito bonito","As instalações públicas do hotel são excelentes: um imponente hall, piscina ótima com bar, lagos lindíssimos.O atendimento é extraordinário: em apenas 3 dias mais de 5 funcionários me chamavam pelo nome. Destaque especial para o Sam: nota mil. Presente o tempo todo e sorridente. Também agradeço ao Ken, que resolveu um problema que eu tive com um tour de forma bastante satisfatória. Obrigado.O quarto do hotel é bom, mas não está dentre os melhores dentro da rede Sofitel. No entanto, eles capricham nos presentinhos: frutas e bombons.Experiente o licor típico da região, com infusões diversas. É muito bom. Servido no bar do hotel a menos de 5 dólares a taça pequena.O hotel tem dois restaurante, onde comida local e o francês. Eu achei o francês caro e com a comida não muito especial. Não recomendo. O de comida local é uma delicia e é muito mais barato. Vale bastante a pena.Recomendo o hotel.",https://www.tripadvisor.com.br/ShowUserReviews-g297390-d299583-r405138052-Sofitel_Angkor_Phokeethra_Golf_and_Spa_Resort-Siem_Reap_Siem_Reap_Province.html,Siem Reap,Sofitel Angkor Phokeethra Golf and Spa Resort,14 de agosto de 2016
5,5,Excepcional,"Sem dúvida, este hotel foi o melhor em que já nos hospedamos em nossas diversas viagens. Possui uma excelente estrutura, com um lago, jardim e amplo espaço dentro do hotel. Os quartos são maravilhosos, com amplo espaço, banheiro amplo e completo. O lobby é maravilhoso, muito bem decorado e amplo. A piscina é bem grande, com diversas esteiras e bar. A academia possui os aparelhos essenciais e está bem montada. Todavia, o que se destaca em todos os sentidos é o atendimento. Simplesmente é primoroso, com atenção de todos os colaboradores. São atenciosos, cuidados, gentis e extremamente preocupados com o seu conforto. Há  decoração de flores em todos os ambientes, tornando uma experiência única. Fantástico.",https://www.tripadvisor.com.br/ShowUserReviews-g297390-d299583-r451710722-Sofitel_Angkor_Phokeethra_Golf_and_Spa_Resort-Siem_Reap_Siem_Reap_Province.html,Siem Reap,Sofitel Angkor Phokeethra Golf and Spa Resort,13 de janeiro de 2017
5,"4,5",Recepção calorosa! ,Com certeza um hotel para se lembrar! Tempo maravilhoso e um staff extremamente atencioso e receptivo! Tivemos a companhia do Meta na nossa estadia e ele foi muito solicito em nos ajudar a conhecer siem reap e os famosos templos de Angkor. Ainda tivemos oportunidade de conhecer o nosso gerente Alex que nos concedeu um upgrade e um late checkout para melhor nos acomodar até o horário de nosso voo que partiria as 19:30!Com certeza voltaria quando estivesse no Camboja novamente! ,https://www.tripadvisor.com.br/ShowUserReviews-g297390-d2350683-r471045040-The_Privilege_Floor_by_BOREI_ANGKOR-Siem_Reap_Siem_Reap_Province.html,Siem Reap,The Privilege Floor by BOREI ANGKOR,29 de março de 2017
5,5,Experiência fantástica ,"Siem Reap foi uma agradável surpresa na nossa viagem ao sudeste asiático, e esse hotel foi um dos pontos altos da viagem. Fica mais próximo aos templos do que do centro. Comida maravilhosa, staff super bacana e agradável. Recomendo com certeza! ",https://www.tripadvisor.com.br/ShowUserReviews-g297390-d299583-r453461307-Sofitel_Angkor_Phokeethra_Golf_and_Spa_Resort-Siem_Reap_Siem_Reap_Province.html,Siem Reap,Sofitel Angkor Phokeethra Golf and Spa Resort,19 de janeiro de 2017
5,"4,5",O melhor de todos!!,"Sem dúvidas o melhor hotel que já me hospedei, atendimento personalizado, se preocupam com todos os detalhes. Minha esposa e eu em lua de mel fomos presenteados com uma hora no spa e um frigobar free no primeiro dia. Sem palavras para descrever a atenção dada pelo senhor Bona e pela senhorita Chetta!!",https://www.tripadvisor.com.br/ShowUserReviews-g297390-d2350683-r479655932-The_Privilege_Floor_by_BOREI_ANGKOR-Siem_Reap_Siem_Reap_Province.html,Siem Reap,The Privilege Floor by BOREI ANGKOR,28 de abril de 2017
5,5,Ótimo hotel,"Tudo muito limpo e confortável, café da manhã excelente e os funcionários muito atenciosos e prestativos. Piscina com um jardim cheio de orquídeas ao redor. Ficaria novamente nesse hotel com maior prazer , pois além de tudo é muito bem localizado.",https://www.tripadvisor.com.br/ShowUserReviews-g297390-d634580-r455999595-Hotel_Somadevi_Angkor_Resort_Spa-Siem_Reap_Siem_Reap_Province.html,Siem Reap,Hotel Somadevi Angkor Resort & Spa,30 de janeiro de 2017
4,5,Boas instalaçoes,"Hotel com boas instalações, muito espaço e boa zona de piscina. Quartos grandes e boa limpeza. Não é novo novo mas bem equipado e wifi no quarto bem como cofre de valores. Ponto menos bom é a elevada temperatura nas zonas comuns dos quartos.",https://www.tripadvisor.com.br/ShowUserReviews-g297390-d634580-r481245962-Hotel_Somadevi_Angkor_Resort_Spa-Siem_Reap_Siem_Reap_Province.html,Siem Reap,Hotel Somadevi Angkor Resort & Spa,3 de maio de 2017
5,5,Excelente," Excelente hotel com quarto bem espaçoso e confortável, o café da manhã tem muitas opções e, além disso, é muito bem localizado (apenas 5 minutos da pub street). Oferece serviço gratuito de busca no aeroporto na chegada a Siem Reap e possui uma piscina enorme. Foi um dos melhores hotéis que já fiquei nas minhas viagens pelo mundo e o melhor com preço super acessível. ",https://www.tripadvisor.com.br/ShowUserReviews-g297390-d634580-r539314486-Hotel_Somadevi_Angkor_Resort_Spa-Siem_Reap_Siem_Reap_Province.html,Siem Reap,Hotel Somadevi Angkor Resort & Spa,8 de novembro de 2017
5,5,Recomendo! Ótimo Hotel!,"Ótimo hotel e muito confortável, apesar de ser um pouco velho. Localizado bem próximo à região mais movimentada da cidade em relação a bares e restaurantes, podendo ir e voltar a pé dessa região. Quarto amplo e banheiro com banheira, ambos muito limpos. Café da manhã com grande variedade de frutas e outras opções quentes e frias, tendo inclusive uma ilha onde são feitos ovos na hora conforme uma das opções solicitadas. Staff muito prestativo, sendo que o hotel disponibiliza transfer para buscar e levar ao aeroporto sem custo. Possui uma piscina muito grande, tendo inclusive um bar dentro da mesma.",https://www.tripadvisor.com.br/ShowUserReviews-g297390-d634580-r552773528-Hotel_Somadevi_Angkor_Resort_Spa-Siem_Reap_Siem_Reap_Province.html,Siem Reap,Hotel Somadevi Angkor Resort & Spa,9 de janeiro de 2018
5,4,Estrutura e serviço impecáveis,"Quarto, piscina, restaurante, café da manhã e spa excelentes! Equipe muito atenciosa. Todo serviço é de primeira, com destaque para o serviço de piscina: cadeiras sempre limpas e arrumadas, já com toalhas só esperando o hóspede chegar; ha funcionários que passam com frutas cortadas e sorvetes, e no final de tarde oferecem massagem na hora, na própria espreguiçadeira. Toda vez que você volta da rua, nem que seja após um passeio de 5 minutos na lojinha ao lado do hotel, a equipe te recebe com água gelada e paninhos gelados e aromatizados! Destaque também para a localização do hotel. Enfim, uma excelente opção!",https://www.tripadvisor.com.br/ShowUserReviews-g297390-d612090-r359914528-Shinta_Mani_Shack-Siem_Reap_Siem_Reap_Province.html,Siem Reap,Shinta Mani Shack,29 de março de 2016
5,4,Excelente,"Lugar agradável, ótimas instalações, comida maravilhosa, porem o que mais me encantou foi a gentileza de toda equipe de funcionários sempre super atenciosos com muito capricho em todos os detalhes. Parabens e super recomendo!!!",https://www.tripadvisor.com.br/ShowUserReviews-g297390-d612090-r255382823-Shinta_Mani_Shack-Siem_Reap_Siem_Reap_Province.html,Siem Reap,Shinta Mani Shack,20 de fevereiro de 2015
5,"4,5","Amei, amei, amei!","Amei tudo nesse hotel!! Fomos recebidas no aeroporto com carro com ar condicionado, tivemos atenção total durante a nossa estadia, o café da manhã é uma delícia (pães, frutas, sucos, comidas típicas, ovos...) e o wifi funciona perfeitamente! O quarto é ótimo, mas o principal é o cuidado que o staff tem com os hóspedes, chamando cada um pelo nome! Tudo perfeito nesse hotel! A localização é boa tb! Decidimos fazer os tours com os carros do hotel e tivemos um motorista particular por U$50 por dia. Foi ótimo pois tínhamos água e toalhas geladas o tempo todo, além de podermos decidir o nosso roteiro.No último dia, como nosso voo saía tarde, o hotel nos disponibilizou um quarto para que pudéssemos ficar até o horário do voo. Foi tudo perfeito! Recomendo muito!No final do dia, há um chá da tarde para os hóspedes incluído no valor da diária!",https://www.tripadvisor.com.br/ShowUserReviews-g297390-d2350683-r350893869-The_Privilege_Floor_by_BOREI_ANGKOR-Siem_Reap_Siem_Reap_Province.html,Siem Reap,The Privilege Floor by BOREI ANGKOR,25 de fevereiro de 2016
5,"4,5",Hotel privilage,Hotel com tratamento muito delicadoRecebidos por um cidadão muito especial que se chama PY e ele com muita atenção e carinho nos deixou a vontade. O que se l pede ele resolveO hotel com uma cozinha sensacionalObama en muito louco,https://www.tripadvisor.com.br/ShowUserReviews-g297390-d2350683-r352054584-The_Privilege_Floor_by_BOREI_ANGKOR-Siem_Reap_Siem_Reap_Province.html,Siem Reap,The Privilege Floor by BOREI ANGKOR,1 de março de 2016
5,"4,5",Adorei!!!,"um hotel simplesmente maravilhoso um serviço diferenciado todos os detalhes são cuidadosamente pensado e feito sob medida para você você terá um assistente (literalmente um mordomo) exclusivo para você onde você não precisa pensar em nada ela cuidara de tudo passeios, piscina, comida, massagem, roupas, voos, etc.uma experiência única que vale cada centavo não percam essa oportunidade.obrigado The privellege Floor for my vacation.",https://www.tripadvisor.com.br/ShowUserReviews-g297390-d2350683-r352098298-The_Privilege_Floor_by_BOREI_ANGKOR-Siem_Reap_Siem_Reap_Province.html,Siem Reap,The Privilege Floor by BOREI ANGKOR,1 de março de 2016
5,"4,5",Experiência inebriante!,"O Pivilege Floor do Borei Angkor é indescritítvel. Sabe quando só falta te pegarem no colo? Pois é. Nunca fui mais bem atendida em um hotel. Tínhamos nosso próprio gerente, nosso próprio motorista particular que nos levava para quaisquer lugares que quiséssemos. Bastava pensar e tudo se concretizava! O café da manhã é fantástico, as frutas que estão colocadas à porta dos elevadores com os cumprimentos do seu gerente, a alegria e a delicadeza dos atendentes, o happy hour gratuito e os garçons mais gentis deste mundo. O Privilege Floor é uma experiência dos sonhos!",https://www.tripadvisor.com.br/ShowUserReviews-g297390-d2350683-r353571191-The_Privilege_Floor_by_BOREI_ANGKOR-Siem_Reap_Siem_Reap_Province.html,Siem Reap,The Privilege Floor by BOREI ANGKOR,7 de março de 2016
5,5,Muito estilo!!! ,"Começando pelo serviço de traslado do aeroporto, já foi um sucesso com a marca Sofitel.A preocupação do motorista desde nossa chegada, tentando ajudar em tudo e passar informações importantes sobre a cidade que visitamos.O Hotel é lindo, decoração espetacular, principalmente na recepção, o atendimento, pra variar, nota 10.Desde o inicio a marca Sofitel se destaca em cada detalhe, recepção, restaurante, quarto, amenidades...O hotel é um pouco mais caro que os outros 5 estrelas da região, mas é muito bom, o atendimento impressiona.Fiquei numa suite superior, muito bem decorada, cuidada e limpa, com banheira, e tudo funcionando.A localização é ótima, fica no caminhio das ruínas de Angkor wat, a 5 minutos de tuk tuk do centro, onde está o mercado popular e a agitação local noturna, restaurantes.Ao nosso pedido solicitavam o tuk tuk, que sempre chegava quase que instantaneamente, com preços de mercado, que torna o modal muito barato.O café da manhã foi o grande destaque da hospedagem, realmente muito farto , impossivel alguém não achar o que gostaria comer no café da manhã, e se não achar, basta pedir que se possivel eles providenciam.O hotel infelizmente nao tem lounge executivo, mas o bar é muito aconchegante, com ótima variedade de bebidas a preços justos.O business center tem pcs muito velhos, mas que atendem às necessidades, só faltou reporem papel na impressora, das 3 vezes que usei ou não tinha nenhum,...Começando pelo serviço de traslado do aeroporto, já foi um sucesso com a marca Sofitel.A preocupação do motorista desde nossa chegada, tentando ajudar em tudo e passar informações importantes sobre a cidade que visitamos.O Hotel é lindo, decoração espetacular, principalmente na recepção, o atendimento, pra variar, nota 10.Desde o inicio a marca Sofitel se destaca em cada detalhe, recepção, restaurante, quarto, amenidades...O hotel é um pouco mais caro que os outros 5 estrelas da região, mas é muito bom, o atendimento impressiona.Fiquei numa suite superior, muito bem decorada, cuidada e limpa, com banheira, e tudo funcionando.A localização é ótima, fica no caminhio das ruínas de Angkor wat, a 5 minutos de tuk tuk do centro, onde está o mercado popular e a agitação local noturna, restaurantes.Ao nosso pedido solicitavam o tuk tuk, que sempre chegava quase que instantaneamente, com preços de mercado, que torna o modal muito barato.O café da manhã foi o grande destaque da hospedagem, realmente muito farto , impossivel alguém não achar o que gostaria comer no café da manhã, e se não achar, basta pedir que se possivel eles providenciam.O hotel infelizmente nao tem lounge executivo, mas o bar é muito aconchegante, com ótima variedade de bebidas a preços justos.O business center tem pcs muito velhos, mas que atendem às necessidades, só faltou reporem papel na impressora, das 3 vezes que usei ou não tinha nenhum, ou só tinha papel usado.A piscina é otima, enorme, assim como o bar e o atendimento, mas lembre-se de levar seu repelente, no fim da tarde a quantidade de insetos praticamente inviabiliza o uso.Parabens a equipe do hotel pelo excelente atendimento!",https://www.tripadvisor.com.br/ShowUserReviews-g297390-d299583-r344752837-Sofitel_Angkor_Phokeethra_Golf_and_Spa_Resort-Siem_Reap_Siem_Reap_Province.html,Siem Reap,Sofitel Angkor Phokeethra Golf and Spa Resort,3 de fevereiro de 2016
4,5,Muito bom - só precisa de uma renovação para ser excelente!,"O hotel é muito bom! Um dos poucos 5 estrelas da cidade. Bem localizado na cidade para ir aos restaurantes, massagens ou compras. A piscina é ótima! O café da manhã é farto e completo! Estávamos viajando em 3 e conseguimos três camas no mesmo quarto o que é muito raro em um hotel. O custo benefício é excelente! O late check-out é gratuito até 1 PM ou apenas 30 dólares para ficar até as 6 PM. O hotel só precisa passar por uma renovação em seu mobiliário e dependências. E reforma no banheiro que é antigo e alagava. Outro ponto ruim é que o café da manhã era servido só as 4h - mas como é de praxe ir ver o nascer do sol em Angkor Wat o hotel deveria ter seu café mais cedo assim como é em Machu Picchu pois todos acordam cedo para pegar o parque abrindo. Fora isso a estadia foi ótima!",https://www.tripadvisor.com.br/ShowUserReviews-g297390-d634580-r370348696-Hotel_Somadevi_Angkor_Resort_Spa-Siem_Reap_Siem_Reap_Province.html,Siem Reap,Hotel Somadevi Angkor Resort & Spa,5 de maio de 2016
4,5,Bom custo benefício,"Hotel muito bem localizado. Fica bem próximo ao pub street, dá para ir andando sem dificuldades. Hotel limpo e com atendentes atenciosos, café da manhã variado com opções bastante saborosas. Opção boa para quem puder reservar, é um bom hotel considerando o custo benefício !!",https://www.tripadvisor.com.br/ShowUserReviews-g297390-d634580-r392756165-Hotel_Somadevi_Angkor_Resort_Spa-Siem_Reap_Siem_Reap_Province.html,Siem Reap,Hotel Somadevi Angkor Resort & Spa,15 de julho de 2016
5,5,Otimo,"Tudo muito limpo, amplo, nota 10.Atendimento excelente, serviço eficaz!Quarto muito bom com cama confortavel e sacada.O Hotel oferece spa e uma piscina enorme .. otimo para exercicios e para hibernar depois de um dia cansativo de passeio.Sem reclamações.. hotel 100%",https://www.tripadvisor.com.br/ShowUserReviews-g297390-d634580-r438679833-Hotel_Somadevi_Angkor_Resort_Spa-Siem_Reap_Siem_Reap_Province.html,Siem Reap,Hotel Somadevi Angkor Resort & Spa,20 de novembro de 2016
5,5,Sofitel Angkor,"Excelente hotel se voce deseja tranquilidade apos passar o dia se aventurando pelas atracoes de Siem Reap. O hotel é um charme, decoracao muito bonita, excelente restaurante e bar. A comida é deliciosa ! A piscina é maravilhosa, com agua na temperatura certa !",https://www.tripadvisor.com.br/ShowUserReviews-g297390-d299583-r338650578-Sofitel_Angkor_Phokeethra_Golf_and_Spa_Resort-Siem_Reap_Siem_Reap_Province.html,Siem Reap,Sofitel Angkor Phokeethra Golf and Spa Resort,9 de janeiro de 2016
5,5,"Conforto, ótimo atendimento e localização ideal dentro de Siem Reap","Esse hotel fica na rua principal de Siem Reap. O atendimento é excelente. Café da manhã inclusivo estilo Buffet. Se quiser almoçar ou jantar no hotel preço também muito bom , almoço tem Buffet U$ 15,00/ pessoa (entrada, prato principal e sobremesa e uma taça de vinho ou chá ) ou há opção de pedir cada prato separado aproximadamente U$ 4-6/prato. Jantar em alguns dias da semana tem show de dança típica muito bonita com jantar na beira da piscina. Localização ótima: ao lado há lavanderias, lojas que vendem chip para celular (U$5,00 cada chip). Perto de muitos restaurantes e 10 min de caminhada da Pub StreetRecomendação total!",https://www.tripadvisor.com.br/ShowUserReviews-g297390-d634580-r446675390-Hotel_Somadevi_Angkor_Resort_Spa-Siem_Reap_Siem_Reap_Province.html,Siem Reap,Hotel Somadevi Angkor Resort & Spa,26 de dezembro de 2016
3,5,Ficaria em outro hotel.,"O hotel é bem localizado, cafe da manha bom, piscina excelente. Wi fi nao funcionava nos quartos e ar condicionado nao funcionava nos corredores e na recepçao. Um calor infernal. Use e abuse de roupas leves, mas nao é permitido visitas nos templos com blusa sem manga, shorts, calça de cintura baixa. Leve sempre na sua bolsa uma canca ou lenço.",https://www.tripadvisor.com.br/ShowUserReviews-g297390-d634580-r447080983-Hotel_Somadevi_Angkor_Resort_Spa-Siem_Reap_Siem_Reap_Province.html,Siem Reap,Hotel Somadevi Angkor Resort & Spa,28 de dezembro de 2016
5,5,Hotel sensacional,"O hotel é uma atração por si só. Lagos, flores e plantas de todos os tipos, esculturas, tudo em harmonia com as piscinas e quartos do hotel. Ótimos quartos, restaurante excelente, e café da manhã farto com o padrão Sofitel. Recomendadíssimo.",https://www.tripadvisor.com.br/ShowUserReviews-g297390-d299583-r355160155-Sofitel_Angkor_Phokeethra_Golf_and_Spa_Resort-Siem_Reap_Siem_Reap_Province.html,Siem Reap,Sofitel Angkor Phokeethra Golf and Spa Resort,13 de março de 2016
5,5,Excelente opção em Siem Reap!,"Antes e depois de tanta caminhada nesse maravilhoso e grandioso complexo de Angkor Watt, nada melhor do que descansar e relaxar nesse excelente e refinado hotel, com todos os aromas e sabores da Ásia! Excelente custo benefício!",https://www.tripadvisor.com.br/ShowUserReviews-g297390-d299583-r363626386-Sofitel_Angkor_Phokeethra_Golf_and_Spa_Resort-Siem_Reap_Siem_Reap_Province.html,Siem Reap,Sofitel Angkor Phokeethra Golf and Spa Resort,12 de abril de 2016
5,5,Cumpre bem o prometido,O serviço é muito bem prestado e as instalações são satisfatórias. Atendimento maravilhoso desde a recepção. Ótima estadia. Cama e travesseiros confortáveis. Almocei no primeiro dia no hotel e fiquei surpresa com a qualidade e apresentação do prato.,https://www.tripadvisor.com.br/ShowUserReviews-g297390-d299583-r372486003-Sofitel_Angkor_Phokeethra_Golf_and_Spa_Resort-Siem_Reap_Siem_Reap_Province.html,Siem Reap,Sofitel Angkor Phokeethra Golf and Spa Resort,13 de maio de 2016
5,"4,5","Muito Agradável, numa cidade Sensacional!","Qualidade do atendimento já começa no transfer do aeroporto, muito cordial e eficiente, se mantendo assim por toda estada. Check-in feito durante o trajeto, agilizando a entrada.O Privilege Floor trata-se do último andar do Resort, oferecendo certas regalias e amenidades, como recepção própria e um ótimo café da manhã, em local exclusivo, servido até 15h.Quarto de bom tamanho, muito limpo e confortável.Bom ambiente de piscina, onde encontra-se um excelente Spa, com ótimas opções de tratamentos e massagens. Conta ainda com 2 bons Restaurantes.Facilidade de conseguir transporte, especialmente de tuk tuk, que por U$ 3, (o dólar é mais aceito que a moeda local) vai-se a qualquer parte da cidade, o que é importante já que o Hotel encontra-se um pouco afastado das atrações.Siem Reap é um local sensacional e inesquecível para se visitar, como sugestão de programa noturno, gostei muito do Phare Circus, misto de Teatro e Acrobacia, narrando a trágica história recente do Camboja.",https://www.tripadvisor.com.br/ShowUserReviews-g297390-d2350683-r377431410-The_Privilege_Floor_by_BOREI_ANGKOR-Siem_Reap_Siem_Reap_Province.html,Siem Reap,The Privilege Floor by BOREI ANGKOR,28 de maio de 2016
5,4,Atendimento nota 10 !!!,"Hotel renovado,de bom gosto, com boa localização, piscina agradável e o atendimento perfeito!Você começa a se sentir mimado logo que chega, pois é recebido com garrafa de água gelada, toalhas umedecidas, geladas e com perfume discreto de jasmim.O check in é feito no sofá do lobby, depois que recebe um suco de frutas.Os funcionários sempre estão com um sorriso no rosto e nunca deixam de cumprimentar quando passam por você.Eu e meu marido nos hospedamos aqui nos dias 21 a 23 de abril de 2015 e amamos!!!Não foi o hotel mais luxuoso em que nos hospedamos, mas seguramente o mais atencioso e foi o que fez com que eu escrevesse minha primeira avaliação de hotel aqui no tripadvisor.O quarto tem uma varanda voltada para a piscina, frutas frescas e o diferencial foi que o ar já estava ligado quando demos entrada no mesmo,já que faz muito calor em abril.  Não tem elevador, mas são só três andares...Prefira o térreo se não quiser subir as escadas.Pedi sugestão de restaurante japonês e a manager além de fazer a reserva , ainda chamou o tuc tuc, combinou com o motorista o valor (5 dólares) para nos levar ao mercado noturno, esperar uns 40 minutos para conhecermos o mesmo  e depois ao restaurante sugerido(The Hashi:maravilhoso)...No dia seguinte foi ao nosso encontro para perguntar se tínhamos gostado do passeio e do restaurante. Foi-nos concedido também um late check out até as 17 hrs devido ao...Hotel renovado,de bom gosto, com boa localização, piscina agradável e o atendimento perfeito!Você começa a se sentir mimado logo que chega, pois é recebido com garrafa de água gelada, toalhas umedecidas, geladas e com perfume discreto de jasmim.O check in é feito no sofá do lobby, depois que recebe um suco de frutas.Os funcionários sempre estão com um sorriso no rosto e nunca deixam de cumprimentar quando passam por você.Eu e meu marido nos hospedamos aqui nos dias 21 a 23 de abril de 2015 e amamos!!!Não foi o hotel mais luxuoso em que nos hospedamos, mas seguramente o mais atencioso e foi o que fez com que eu escrevesse minha primeira avaliação de hotel aqui no tripadvisor.O quarto tem uma varanda voltada para a piscina, frutas frescas e o diferencial foi que o ar já estava ligado quando demos entrada no mesmo,já que faz muito calor em abril.  Não tem elevador, mas são só três andares...Prefira o térreo se não quiser subir as escadas.Pedi sugestão de restaurante japonês e a manager além de fazer a reserva , ainda chamou o tuc tuc, combinou com o motorista o valor (5 dólares) para nos levar ao mercado noturno, esperar uns 40 minutos para conhecermos o mesmo  e depois ao restaurante sugerido(The Hashi:maravilhoso)...No dia seguinte foi ao nosso encontro para perguntar se tínhamos gostado do passeio e do restaurante. Foi-nos concedido também um late check out até as 17 hrs devido ao horário do vôo .Facilitou por ser baixa temporada e o hotel não estar lotado.O café da manhã é bom e os lanches do bar também estavam deliciosos!Foi-nos avisado que poderíamos usar os restaurantes do hotel Shinta Mani Club(em frente), mas não  fizemos pois ficamos poucos dias.Espero ter ajudado um pouco e se você gosta de um hotel boutique com atendimento personalizado, esse é o seu hotel!",https://www.tripadvisor.com.br/ShowUserReviews-g297390-d612090-r269072918-Shinta_Mani_Shack-Siem_Reap_Siem_Reap_Province.html,Siem Reap,Shinta Mani Shack,30 de abril de 2015
5,4,Luxo. Amei,"Recepção carinhosa, com toalhas húmidas, decoração delicada, com flores de lótus, um luxo. Menu local e internacional delicioso. Recomendo muito! Linda piscina, localização top bem no centro.  Romântico até dizer chega. Staff super atencioso",https://www.tripadvisor.com.br/ShowUserReviews-g297390-d612090-r249965234-Shinta_Mani_Shack-Siem_Reap_Siem_Reap_Province.html,Siem Reap,Shinta Mani Shack,19 de janeiro de 2015
5,4,Hotel que parece um oásis. ,"Hotel delicioso, com equipe super atenciosa, delicada e gentil e que fazem o retorno das quentes visitas aos maravilhosos templos se tornar um momento de relaxamento. Cafe da manha excelente e a comida do restaurante é especial. Adorei a cidade por causa dos templos, das pessoas e do hotel. Muito bom...",https://www.tripadvisor.com.br/ShowUserReviews-g297390-d612090-r236783234-Shinta_Mani_Shack-Siem_Reap_Siem_Reap_Province.html,Siem Reap,Shinta Mani Shack,28 de outubro de 2014
5,4,Um hotel inesquecível,"Localização privilegiada, atendimento impecável, conforto ao máximo. Este é o que posso dizer desta maravilha de hotel.Quartos maravilhosos, piscina deliciosa e atendimento sensacional.Spa dos melhores da Ásia.Sempre recebido com todo o carinho possível.Restaurantes e serviço de piscina excelente.",https://www.tripadvisor.com.br/ShowUserReviews-g297390-d612090-r246761466-Shinta_Mani_Shack-Siem_Reap_Siem_Reap_Province.html,Siem Reap,Shinta Mani Shack,31 de dezembro de 2014
5,"4,5",Excelência em atendimento,"Se forem se hospedar em siem riep, escolha esse hotel, se escolher esse hotel, escolha o privilege floor, que fica em um andar exclusivo, com serviço diferenciado. atendimento MARAVILHOSO, motorista e carro particular, restaurante só pro andar, o café da manha funciona até as 15:00, absolutamente todos no hotel foram maravilhosos, quem foi responsável pelo nosso acompanhamento foi Jackei, pessoa TOP. Quem quer ser bem atendido pode fechar o olho e ficar aqui.",https://www.tripadvisor.com.br/ShowUserReviews-g297390-d2350683-r240831350-The_Privilege_Floor_by_BOREI_ANGKOR-Siem_Reap_Siem_Reap_Province.html,Siem Reap,The Privilege Floor by BOREI ANGKOR,21 de novembro de 2014
5,"4,5",Surpreendente ,"Fizemos uma viagem de 3 dias para Siem Riep e ficamos absolutamente surpreendidos com o serviço do hotel. Motorista e mordomo particulares, staff extremamente atencioso e prestativo, fora o happy hour grátis a tarde. Me senti como um rei. É ""o"" hotel pra se ficar em Siem Riep ",https://www.tripadvisor.com.br/ShowUserReviews-g297390-d2350683-r256873260-The_Privilege_Floor_by_BOREI_ANGKOR-Siem_Reap_Siem_Reap_Province.html,Siem Reap,The Privilege Floor by BOREI ANGKOR,28 de fevereiro de 2015
5,"4,5",Serviço de Excelência,"Uma referência para a Hotelaria . Este Hotel é a excelencia de Serviços. Os meus parabéns . Quartos , piscina , Lobby , pequeno almoço , tudo é de excelente qualidade. Fomos recebidos no Aeroporto pela Host Thima e o motorista Dara que se mantiveram conosco durante toda a estadia . Thima é uma excelente concierge , foi ela que nos organizou passeios ao Lago , arranjou Guia para ir a Angkor Vat e até um passeio de Helicoptero . Dara o motorista , uma simpatia de pessoa sempre disponivel para qualquer passeio , muito alegre e prestável. Resumindo , este Hotel é maravilhoso não só pelos seus quartos e serviços mas tambem pelas pessoas que lá trabalham . Recomendo totalmente este Hotel , é uma experiência única e que dificilmente encontraram noutro Hotel em qualquer parte do Mundo . Um obrogado especial a Thima e a Dara pela vossa simpatia.",https://www.tripadvisor.com.br/ShowUserReviews-g297390-d2350683-r266419130-The_Privilege_Floor_by_BOREI_ANGKOR-Siem_Reap_Siem_Reap_Province.html,Siem Reap,The Privilege Floor by BOREI ANGKOR,18 de abril de 2015
5,5,Um verdadeiro paraíso em Siem Reap.,"O charme do hotel já comeca com o aroma delicioso da recepção. Tudo é divino: os móveis, a decoração com arranjos delicadíssimos de flores de lótus, a piscina esplêndida, os quartos, o café da manhã variado e delicioso, o lago. Não dava vontade de ir embora nunca mais, os funcionários são extremamente atenciosos. Recebemos até pequenos mimos, como uma caixinha de temperos é um lenço típico do Camboja. Esplêndido,",https://www.tripadvisor.com.br/ShowUserReviews-g297390-d299583-r254398038-Sofitel_Angkor_Phokeethra_Golf_and_Spa_Resort-Siem_Reap_Siem_Reap_Province.html,Siem Reap,Sofitel Angkor Phokeethra Golf and Spa Resort,16 de fevereiro de 2015
5,5,Puro charme!!,"Muito lindo o hotel. Decoração de muito bom gosto. Flores por toda parte.Maravilhoso café da manhã: para todo gosto, buffet internacional e asiático.Excelente serviço. Pessoal super gentil e disponível. Gostaria de ressaltar principalmente o pessoal do restaurante. Este sorriso jamais esquecerei. Gostaria de encontrar esta gentileza no meu país.Jantamos duas vezes e foi perfeito.Quartos confortáveis e bem decorados com tudo que é necessário, sem contar que os produtos são L' Occitane.",https://www.tripadvisor.com.br/ShowUserReviews-g297390-d299583-r323562725-Sofitel_Angkor_Phokeethra_Golf_and_Spa_Resort-Siem_Reap_Siem_Reap_Province.html,Siem Reap,Sofitel Angkor Phokeethra Golf and Spa Resort,1 de novembro de 2015
5,5,"Bonito, agradável, relaxante","Chegar no Sofitel Angkor é uma alegria para toda a família: atendimento gentil, quartos grandes e confortáveis, piscina deliciosa, ambientes externos (jardins e passarelas) lindos e bem cuidados, café da manhã excelente! A sensação é de férias em uma ilha de tranquilidade e beleza.",https://www.tripadvisor.com.br/ShowUserReviews-g297390-d299583-r335441472-Sofitel_Angkor_Phokeethra_Golf_and_Spa_Resort-Siem_Reap_Siem_Reap_Province.html,Siem Reap,Sofitel Angkor Phokeethra Golf and Spa Resort,28 de dezembro de 2015
5,5,Ótimo custo-benefício,"Hotel muito bem localizado! Íamos a pé para o night market!Foi um dos melhores que ficamos em toda a nossa viagem à Ásia (nosso padrão não era de hotéis caros).Hotel bem confortável! A piscina fez toda a diferença, depois de dias inteiros andando sob o sol escaldante visitando templos. Atendimento excepcional do pessoal da recepção!Recomendo!",https://www.tripadvisor.com.br/ShowUserReviews-g297390-d634580-r366720459-Hotel_Somadevi_Angkor_Resort_Spa-Siem_Reap_Siem_Reap_Province.html,Siem Reap,Hotel Somadevi Angkor Resort & Spa,23 de abril de 2016
3,5,Razoavel.,"Não tivemos nenhum problema, ficamos cinco dias. Porem, os quartos são pequenos para o padrao sofitel e a cama, uma queen, deixou muito a desejar. Não é o mesmo conforto dos lençois e colchão que encontramos nos Sofiteis pelo mundo. Tinhamos acabado de sair de oito noites num four seasons então foi realmente chocante a diferença. Também, não nos acertamos muito com os restaurantes do Hotel. O café da manhã é apenas razoavel. O que há de melhor são os funcionários, sempre muito atenciosos, e a piscina principalmente a noite.",https://www.tripadvisor.com.br/ShowUserReviews-g297390-d299583-r273994515-Sofitel_Angkor_Phokeethra_Golf_and_Spa_Resort-Siem_Reap_Siem_Reap_Province.html,Siem Reap,Sofitel Angkor Phokeethra Golf and Spa Resort,23 de maio de 2015
5,5,Hotel agradável e bem localizado,"O hotel é agradável, com quartos amplos, piscina boa, restaurante conveniente e funcionários prestativos e atenciosos. Fica próximo aos mercados locais, que são uma atração à parte, restaurantes, bares, etc., bem como no caminho para ir (inclusive de bicicleta) para as ruínas de Angkor.",https://www.tripadvisor.com.br/ShowUserReviews-g297390-d634580-r328693491-Hotel_Somadevi_Angkor_Resort_Spa-Siem_Reap_Siem_Reap_Province.html,Siem Reap,Hotel Somadevi Angkor Resort & Spa,23 de novembro de 2015
5,5,Bom bonito e barato,"Maravilhoso  custo-beneficio. Quarto grabde e limpo. Piscina maravilhosa  e enorme. Menu do hotel pro jantar escandalosamente gostoso  e barato. Roupões  disponíveis pra hóspedes  nós . armários. Staff gentil. Melhor café  da manhã  de hotel da munha vida. Acho que só  de coisas com chocolate pra.colocar no waflle eram.umas dez opções,  com.nutella, chocolte amargo com leite, doce de.leite, caldas... uma coisa de maluco. ",https://www.tripadvisor.com.br/ShowUserReviews-g297390-d634580-r334311627-Hotel_Somadevi_Angkor_Resort_Spa-Siem_Reap_Siem_Reap_Province.html,Siem Reap,Hotel Somadevi Angkor Resort & Spa,21 de dezembro de 2015
4,5,Piscina excelente!,"O hotel é um pouco antigo, mas tem conforto. Os quartos poderiam ser um pouco mais espaçosos. A piscina é maravilhosa e possui um ótimo serviço de bar: várias bebidas e petiscos. O atendimento é impecável.",https://www.tripadvisor.com.br/ShowUserReviews-g297390-d634580-r342650655-Hotel_Somadevi_Angkor_Resort_Spa-Siem_Reap_Siem_Reap_Province.html,Siem Reap,Hotel Somadevi Angkor Resort & Spa,25 de janeiro de 2016
5,5,Ótima opção de hotel,Hotel muito bem localizado. Dá para ir a pé para o centro. Muito perto do Night Market. Perto de restaurantes. O restaurante do hotel também muito bom. Instalações muito boas. Quartos amplos. Café da manhã farto e muito bom. Atendimento muito bom. Piscina excelente.,https://www.tripadvisor.com.br/ShowUserReviews-g297390-d634580-r345024514-Hotel_Somadevi_Angkor_Resort_Spa-Siem_Reap_Siem_Reap_Province.html,Siem Reap,Hotel Somadevi Angkor Resort & Spa,4 de fevereiro de 2016
5,"4,5",A melhor escolha! The best choice!,"Viemos para Siem Reap sem muita expectativa e fomos surpreendidos desde o primeiro minuto que chegamos aqui. Até mesmo antes, quando fiz algumas solicitações para surpreender meu marido já que viemos comemorar nosso aniversário de casamento. Desde o primeiro e-mail, o Alex, foi de uma gentileza sem tamanho, acertando cada detalhe com precisão! Fomos recebidos no aeroporto pelo motorista do hotel e pela Thitima, designada a ser nossa ajudante durante toda nossa estadia. Recebemos um celular para poder falar com ela 24 horas por dia para nos ajudar no que fosse preciso. E assim tivemos a ajuda de uma equipe incrível durante toda nossa estadia. Jenny, Chang e muitos outros!  Pudemos comprar um pacote com várias coisas interessantes como motorista privado 24 horas por dia, lavanderia e mini bar liberados. Valeu demais! Como não deixamos nenhum tour reservado com antecedência eles organizaram tudo e tivemos uma ótima experiência. Fomos guiados por uma pessoa que nos deu uma aula de cultura! Do começo ao fim tivemos uma experiência incrível! Recomendo a todos.",https://www.tripadvisor.com.br/ShowUserReviews-g297390-d2350683-r340408351-The_Privilege_Floor_by_BOREI_ANGKOR-Siem_Reap_Siem_Reap_Province.html,Siem Reap,The Privilege Floor by BOREI ANGKOR,16 de janeiro de 2016
5,5,Um resort,"Excelente. Quartos amplos, chuveiro bom, cama confortável. Piscina maravilhosa com bar molhado e água limpa na temperatura certa. Café da manhã excepcional. Áreas comuns lindas e cenográficas. Enfim, tudo certo. Recomendadíssimo.",https://www.tripadvisor.com.br/ShowUserReviews-g297390-d299583-r335570433-Sofitel_Angkor_Phokeethra_Golf_and_Spa_Resort-Siem_Reap_Siem_Reap_Province.html,Siem Reap,Sofitel Angkor Phokeethra Golf and Spa Resort,28 de dezembro de 2015
5,"4,5",Excellent Service!!,"Um excelente hotel em Siem Reap. Adoramos nossa estadia no Hotel. O quarto é maravilhoso, com uma grande varanda, frigobar liberado e serviço de lavanderia incluído. Perfeito. Possui uma linda piscina e Spa. Fomos ao Spa, mas não gostamos muito do tipo de massagem. Está incluída na diária, carro com motorista. O nosso motorista foi Excelente (Mr. Saruon). Muito solicito e cuidadoso. Ficamos com o carro e motorista 24 horas por dia (Uma SUV Lexus). Nosso host foi o Mr. Py. Muito atencioso e simpático. Fazia tudo para atender nossas demandas. Para as visitas aos templos pedimos um guia para 2 dias. Vale a pena. Nosso guia foi o Mam Somon Dy. Muito atencioso e simpático. Além de guia fez ótimas fotos nossas. O Hotel é um luxo!! Recomendo muito para todos.",https://www.tripadvisor.com.br/ShowUserReviews-g297390-d2350683-r346586654-The_Privilege_Floor_by_BOREI_ANGKOR-Siem_Reap_Siem_Reap_Province.html,Siem Reap,The Privilege Floor by BOREI ANGKOR,10 de fevereiro de 2016
5,4,Atenção nos detalhes!,"O hotel é ótimo, tem uma decoração diferente, atendimento exemplar. Ao chegar a recepção vem desde a calçada, com toalhas umedecidas. Interessante é que não há o tradicional balcão de hotel, assim vc faz o check in em um confortável sofá bebendo um suco maravilhoso de frutas. O quarto quando chegamos já estava refrigerado e com um música a nossa espera. Bem romântico! O café da manhã é satisfatório, com um buffet e cardápio. A piscina é magnifica! Tem uma feira de artigos locais nos finais de semana no jardim do hotel. Legal! No mais, qualquer inconveniente é prontamente resolvido com muito zelo e cordialidade dos funcionário. Excelente! ",https://www.tripadvisor.com.br/ShowUserReviews-g297390-d612090-r248378982-Shinta_Mani_Shack-Siem_Reap_Siem_Reap_Province.html,Siem Reap,Shinta Mani Shack,9 de janeiro de 2015
5,"4,5",Ofereceram-nos uma estadia única!,"Ter ficado No The Privilege Floor foi a decisão mais acertada quando decidimos ir festejar o nosso 15 aniversário de casamento. A decoração do hotel, os serviços que disponibilizam aos clientes sem custos acrescidos e em especial, a equipa do hotel conseguiram surpreender de forma inexcedível, pela atenção que nos dedicaram. Tenho viajado por todo o mundo e de quantos hoteis poderemos dizer que nos trataram pelo nome sem olhar para os papeis? O The Privilege Floor é assim, único. Obrigado!",https://www.tripadvisor.com.br/ShowUserReviews-g297390-d2350683-r157696464-The_Privilege_Floor_by_BOREI_ANGKOR-Siem_Reap_Siem_Reap_Province.html,Siem Reap,The Privilege Floor by BOREI ANGKOR,14 de abril de 2013
5,"4,5","Jackie, Vou contar para o mundo sobre esse maravilhoso hotel","Essas foram minhas palavras quando saimos desse hotel!Dentre tantos 5 estrelas no mundo,no Cambodia encontramos,eficiencia ,profissinalismo,limpeza e muito carinho e atenção.Algo que superou todas as nossas expectativas!Os passeios em carro privado,o almoço em local reservado no dia da visita aos templos, otimo guia, a lavanderia já inclusa na diaria,e o presente de despedida...realmente voces,são o máximo!!!Muito obrigada!! NAMASTÊ!!Brasileiros,The Privilegde Floor é O hotel em Siem Reap!!Melhor custo beneficio!",https://www.tripadvisor.com.br/ShowUserReviews-g297390-d2350683-r143394238-The_Privilege_Floor_by_BOREI_ANGKOR-Siem_Reap_Siem_Reap_Province.html,Siem Reap,The Privilege Floor by BOREI ANGKOR,21 de outubro de 2012
5,4,Um exemplo!,"Hotel fenomenal! Recomendo a todos!Bem localizado, quarto grande e bem decorado, muito limpo , piscina excelente( que faz uma grande diferença depois de passar horas no sol visitando os templos)Mas o melhor mesmo é o staff, nunca vi um grupo de pessoas tão atenciosas e prestativas como neste hotelVale cada centavo gastoUm hotel para retornar",https://www.tripadvisor.com.br/ShowUserReviews-g297390-d612090-r332418149-Shinta_Mani_Shack-Siem_Reap_Siem_Reap_Province.html,Siem Reap,Shinta Mani Shack,13 de dezembro de 2015
5,4,otimooo,Conforto.  O quarto é ótimo e aconchegante.  Nunca dormi tão bem num hotel.  O ar condicionado é extremamente silencioso o que pra dormir é perfeito!  Não deixem de usar a piscina aquecida.  É maravilhosa.  O atendimento é 10!,https://www.tripadvisor.com.br/ShowUserReviews-g297390-d612090-r354811468-Shinta_Mani_Shack-Siem_Reap_Siem_Reap_Province.html,Siem Reap,Shinta Mani Shack,12 de março de 2016
4,5,Um bom hotel,"Um bom hotel, com boa localização, entre o centro e os Templos de Angor Watt, serviço muito bom com os funcionarios sempre alegres, simpaticos e prestativos, boa limpeza e tamanho dos quartos são bons. O que decepcionou foi que por ser o hotel de mais alto nivel da rede Accor, o quarto, o banheiro e o spa  eram muito simples, como o de um resort qualquer, sem nenhum diferencial para se dizer como o melhor da Accor, sem muito luxo. Além do absurdo de estar com dois de seus restaurantes fechados, não importa quantas pessoas estão hospedadas um hotel desse nivel devia manter sempre seus serviços em pleno funcionamento.",https://www.tripadvisor.com.br/ShowUserReviews-g297390-d299583-r159909860-Sofitel_Angkor_Phokeethra_Golf_and_Spa_Resort-Siem_Reap_Siem_Reap_Province.html,Siem Reap,Sofitel Angkor Phokeethra Golf and Spa Resort,7 de maio de 2013
5,5,De uma atenção e cuidado ímpar,"Certamente, um dos melhores hotéis que já fiquei na vida! Claro, só de ser um Sofitel, você já espera ter um alto padrão. Contudo, eles conseguiram se superar - e MUITO! O gerente fez questão de nos receber pessoalmente e, sendo lua de mel, ainda nos cobriu de mimos. Independente disso, ainda fomos excelentemente bem tratado por todos com quem falamos por lá! Ah, e além de tudo isso, é muito barato em relação a todos os hotéis de mesmo nível pelo mundo. Recomendo muito!",https://www.tripadvisor.com.br/ShowUserReviews-g297390-d299583-r181144580-Sofitel_Angkor_Phokeethra_Golf_and_Spa_Resort-Siem_Reap_Siem_Reap_Province.html,Siem Reap,Sofitel Angkor Phokeethra Golf and Spa Resort,15 de outubro de 2013
5,5,delicioso cafe da manha,o sofitel Angkor phokeethra proporciona um belo café da manha além de ser um lugar com uma área grande de jardins típicos do sudeste asiáticopara quem gosta degolf ehotel ideal paraficar a piscina e muito agradável e o hotel apesar de ser antigo e impecavelmente conservado,https://www.tripadvisor.com.br/ShowUserReviews-g297390-d299583-r188154640-Sofitel_Angkor_Phokeethra_Golf_and_Spa_Resort-Siem_Reap_Siem_Reap_Province.html,Siem Reap,Sofitel Angkor Phokeethra Golf and Spa Resort,20 de dezembro de 2013
5,5,Delicia,"Localização fácil para ir a área de templos, com bicicleta ou motorista para fazer os passeios. Quarto enorme rústico e arejado, área dapiscina muito boa para relaxar, café da manhã excelente vale mto",https://www.tripadvisor.com.br/ShowUserReviews-g297390-d299583-r252821355-Sofitel_Angkor_Phokeethra_Golf_and_Spa_Resort-Siem_Reap_Siem_Reap_Province.html,Siem Reap,Sofitel Angkor Phokeethra Golf and Spa Resort,5 de fevereiro de 2015
5,5,Excelente instalacao e localizacao,"Hotel excelente, muito bem localizado, a meio caminho do centro da cidade e do conjunto de templos de Angkor. Cafe da manha excelente, jardins e piscinas sao maravilhosos. Quarto muito bom e preco bom, com excelente custo beneficio",https://www.tripadvisor.com.br/ShowUserReviews-g297390-d299583-r186373477-Sofitel_Angkor_Phokeethra_Golf_and_Spa_Resort-Siem_Reap_Siem_Reap_Province.html,Siem Reap,Sofitel Angkor Phokeethra Golf and Spa Resort,30 de novembro de 2013
4,5,Excelente localização,Hotel com uma excelente localização ficando bem próximo do Night Market e da Pub Street. A piscina e a zona envolvente são excelentes. Os quartos são confortáveis apresentando apenas alguns problemas na casa de banho. Quando se utiliza a banheira sai água por baixo dos mosaicos. No geral é um hotel muito bonito e agradável. Sabe bem beber uma limonada no bar na zona da piscina.,https://www.tripadvisor.com.br/ShowUserReviews-g297390-d634580-r306674236-Hotel_Somadevi_Angkor_Resort_Spa-Siem_Reap_Siem_Reap_Province.html,Siem Reap,Hotel Somadevi Angkor Resort & Spa,3 de setembro de 2015
5,5,Excelente,"Excelente hotel em todos os quesitos. Quartos, comida, atendimento, piscina, tudo muito limpo, bonito e prático. A localização também muito boa, assim como os serviços. O quarto com vista para a piscina é bem indicado.",https://www.tripadvisor.com.br/ShowUserReviews-g297390-d634580-r245376132-Hotel_Somadevi_Angkor_Resort_Spa-Siem_Reap_Siem_Reap_Province.html,Siem Reap,Hotel Somadevi Angkor Resort & Spa,21 de dezembro de 2014
5,5,Recomendado!,"Excelente hotel, com serviço de qualidade, uma piscina impressionante, um belo jardim. O quarto é ótimo, confortável, chuveiro com pressão e água quente. A localização é ótima para um passeio a pé para o centro e uma boa base para visitar o complexo de Angkor.",https://www.tripadvisor.com.br/ShowUserReviews-g297390-d634580-r249112552-Hotel_Somadevi_Angkor_Resort_Spa-Siem_Reap_Siem_Reap_Province.html,Siem Reap,Hotel Somadevi Angkor Resort & Spa,13 de janeiro de 2015
4,5,hotel bom,"um bom hotel, quarto com varanda, piscina com área verde e muitas flores, lojinha para quem esqueceu a última lembrancinha , bom café da manhã , com uma localização onde dá para explorar as feiras e comércio noturno. ",https://www.tripadvisor.com.br/ShowUserReviews-g297390-d634580-r253996153-Hotel_Somadevi_Angkor_Resort_Spa-Siem_Reap_Siem_Reap_Province.html,Siem Reap,Hotel Somadevi Angkor Resort & Spa,13 de fevereiro de 2015
5,5,Muito bom,"O hotel é muito bom, atendimento de primeira, uma piscina gigante, tudo super bem decorado e bonito, tem uma ótima localização da pra sair caminhado para as compras.Os quartos são bons, eu gostei de tudo no geral, recomendo.",https://www.tripadvisor.com.br/ShowUserReviews-g297390-d634580-r245971441-Hotel_Somadevi_Angkor_Resort_Spa-Siem_Reap_Siem_Reap_Province.html,Siem Reap,Hotel Somadevi Angkor Resort & Spa,26 de dezembro de 2014
4,5,Muito Boa,"O Hotel é excelente, serviço notável, quarto muito confortável, piscina muito grande, academia razoavel, café da manhã de alto padrão, restaurantes muito bons. Os unicos senões: internet muito lenta que não cobre todo o hotel, falta ducha higienica no banheiro e o preço da diaria vem acrescido de tres taxas sem que deem uma explicação",https://www.tripadvisor.com.br/ShowUserReviews-g297390-d299583-r152175449-Sofitel_Angkor_Phokeethra_Golf_and_Spa_Resort-Siem_Reap_Siem_Reap_Province.html,Siem Reap,Sofitel Angkor Phokeethra Golf and Spa Resort,15 de fevereiro de 2013
4,5,hotel suntuoso,"a piscina ampla e bem decorada mas nesta epoca agua gelada para nos brasileiros, apesar que nao da tempo de usufruir. a entrada e a recepcao sao suntuosos e marcantes mas os quartos deciracai e equipamentos ultrapassados.",https://www.tripadvisor.com.br/ShowUserReviews-g297390-d634580-r245187651-Hotel_Somadevi_Angkor_Resort_Spa-Siem_Reap_Siem_Reap_Province.html,Siem Reap,Hotel Somadevi Angkor Resort & Spa,20 de dezembro de 2014
5,5,Ótimo!,"O hotel é bem grande, muito confortável, os quartos são ótimos, a limpeza excelente, o café da manhã tem muitas opções, a localização fantástica. Enfim, recomendo, com certeza, este hotel para seus dias no Camboja.",https://www.tripadvisor.com.br/ShowUserReviews-g297390-d634580-r208476526-Hotel_Somadevi_Angkor_Resort_Spa-Siem_Reap_Siem_Reap_Province.html,Siem Reap,Hotel Somadevi Angkor Resort & Spa,2 de junho de 2014
5,5,Hotel de Primeira,O cuidado está presente em todos os lugares.Nunca vi tanta orquidea em um mesmo espaço e estavam todas floridas.Uma piscina e um restaurante invejável.Se todos os hotéis do sudeste asiático fossem deste tipo seria ótimo.,https://www.tripadvisor.com.br/ShowUserReviews-g297390-d634580-r209644461-Hotel_Somadevi_Angkor_Resort_Spa-Siem_Reap_Siem_Reap_Province.html,Siem Reap,Hotel Somadevi Angkor Resort & Spa,9 de junho de 2014
5,5,O top da Lua-de-Mel,"Nossa Lua-de-Mel foi pelo sudeste asiático, num grupo com 40 pessoas. Mas tínhamos nossos momentos a sós. Este hotel é super luxuoso, um spa-hotel. O melhor que ficamos em todos os nossos 40 dias e 7 países da Lua-de-Mel. FIcamos num quarto de frente à magnífica piscina. De noite tem teatro com jantar, mas podíamos ver tudo de nossa janela! O melhor hotel que já fui!!!",https://www.tripadvisor.com.br/ShowUserReviews-g297390-d634580-r236173469-Hotel_Somadevi_Angkor_Resort_Spa-Siem_Reap_Siem_Reap_Province.html,Siem Reap,Hotel Somadevi Angkor Resort & Spa,25 de outubro de 2014
4,5,Servíço de primeira,Hotel com acomodações de padrão internacional.Serviço de primeira e com delicadeza. O cuidado que tem na decoração é coisa de parar para olhar.Orquideas todas floridas que parece que criam todas alí.,https://www.tripadvisor.com.br/ShowUserReviews-g297390-d634580-r236628543-Hotel_Somadevi_Angkor_Resort_Spa-Siem_Reap_Siem_Reap_Province.html,Siem Reap,Hotel Somadevi Angkor Resort & Spa,27 de outubro de 2014
5,5,sem arrependimentos,"Vale a pena cada dinheiro gasto neste hotel.Eu achei o hotel bem localizado, O quarto é amplo e confortável, não tem internet grátis no quarto apenas no lobby,  mas tem tv a cabo com diversos canais. O café da manhã é maravilhoso e possui uma grande piscina.",https://www.tripadvisor.com.br/ShowUserReviews-g297390-d634580-r207190453-Hotel_Somadevi_Angkor_Resort_Spa-Siem_Reap_Siem_Reap_Province.html,Siem Reap,Hotel Somadevi Angkor Resort & Spa,26 de maio de 2014
5,5,Excelente Resort,"Excelente Resort.Muito barato para tudo que oferece. O spa é incrível, a comida na piscina é gostosa, o vinho também. Os quartos são bem amplos, tudo bem limpo, serviço nota 1.000.Bem localizado.Ótima escolha.",https://www.tripadvisor.com.br/ShowUserReviews-g297390-d634580-r185910170-Hotel_Somadevi_Angkor_Resort_Spa-Siem_Reap_Siem_Reap_Province.html,Siem Reap,Hotel Somadevi Angkor Resort & Spa,25 de novembro de 2013
4,5,vale a pena,"O preço não é pouco, mas o café da manhã e o quarto excelente, banheiro incrível, lobby acgradável. A piscina também, além de ser muito bem localizado. A pior parte é que não tem internet no quarto...",https://www.tripadvisor.com.br/ShowUserReviews-g297390-d634580-r194857387-Hotel_Somadevi_Angkor_Resort_Spa-Siem_Reap_Siem_Reap_Province.html,Siem Reap,Hotel Somadevi Angkor Resort & Spa,21 de fevereiro de 2014
3,5,Bem localizado!,"O hotel em si é muito bom, o quarto é enorme, a piscina é otima pra refrescar no calor absurdo da cidade! O que nao gostamos foi o fato dos funcionarios nao estarem nunca dispostos a ajudar em nada na organização da viagem! Eles nao informaram sobre a possibilidade de pedir um cafe da manha mais cedo, caso, vc va ver o sol nascer nos templos. Perguntamos sobre como poderiamos ir ao templos e estou esperando ate agora a resposta! hotel muito bom, mas o staff muito fraco! o cafe da manha é excelente!",https://www.tripadvisor.com.br/ShowUserReviews-g297390-d634580-r205531121-Hotel_Somadevi_Angkor_Resort_Spa-Siem_Reap_Siem_Reap_Province.html,Siem Reap,Hotel Somadevi Angkor Resort & Spa,14 de maio de 2014
5,5,"Incrível hotel, no centro de Siem Reap","O hotel é maravilhoso, os quartos são confortáveis, grandes e luxuosos, toda a equipe do hotel está sempre pronta e disposta a atender, o café da manhã é fartíssimo e delicioso, com comida ocidental e oriental. A piscina é um oásis no meio do costumeiro calor cambojano. Único ponto negativo que posso lembrar é que wi-fi de graça só há na recepção do hotel.",https://www.tripadvisor.com.br/ShowUserReviews-g297390-d634580-r207182199-Hotel_Somadevi_Angkor_Resort_Spa-Siem_Reap_Siem_Reap_Province.html,Siem Reap,Hotel Somadevi Angkor Resort & Spa,26 de maio de 2014
4,5,Boa estadia,"Somadevi Angkor Hotel é uma boa opção de estadia em Siem Reap. Está bem localizado, tem uma excelente piscina e o café da manhã é farto e com muitas opções.O quarto é espaçoso e limpo. Somente a ducha, que oscilou a temperatura da água entre muito quente e muito fria durante os banhos, é a minha queixa deste hotel.",https://www.tripadvisor.com.br/ShowUserReviews-g297390-d634580-r175289802-Hotel_Somadevi_Angkor_Resort_Spa-Siem_Reap_Siem_Reap_Province.html,Siem Reap,Hotel Somadevi Angkor Resort & Spa,2 de setembro de 2013
4,5,Bom hotel,"Ficamos 4 noites neste hotel, e indico. Bem localizado, central, mas ao mesmo tempo tranquilo porque fica afastado da rua. Tem uma piscina muito bonita e que é um deleite nos dias de muito calor na cidade. Um bom café da manha e quartos grandes, com boa cama. Só o banheiro, que mesmo tendo box e banheira, faz muita molhaceira e fica udo alagado a cada banho. Nosso quarto era com sacada pra piscina e muito tranquilo.",https://www.tripadvisor.com.br/ShowUserReviews-g297390-d634580-r60457425-Hotel_Somadevi_Angkor_Resort_Spa-Siem_Reap_Siem_Reap_Province.html,Siem Reap,Hotel Somadevi Angkor Resort & Spa,5 de abril de 2010